{"train_accuracy":0.09996296296296296,"val_accuracy":0.10033333333333333,"test_accuracy":0.1,"_wandb":{"runtime":6},"_timestamp":1.7422302937830782e+09,"_step":0,"train_loss":61.985185475159284,"_runtime":6.5174275999999995,"epoch":1}