{"test_accuracy":0.1,"val_accuracy":0.10033333333333333,"train_loss":61.279821837913325,"train_accuracy":0.09996296296296296,"_timestamp":1.7422310994260945e+09,"_runtime":5.5678751,"_wandb":{"runtime":5},"_step":0,"epoch":1}