{"test_accuracy":0.1,"epoch":5,"_timestamp":1.7422313626038926e+09,"_runtime":15.6709316,"_wandb":{"runtime":15},"val_accuracy":0.0925,"_step":4,"final_val_accuracy":0.0925,"train_loss":3.2508903643230846,"final_test_accuracy":0.1,"train_accuracy":0.10083333333333333}